{"cameraMode":{"drawMode":0,"name":"Shaded","section":"Shading Mode"},"sceneLighting":true,"audioPlay":false,"sceneViewState":{"m_AlwaysRefresh":false,"showFog":true,"showSkybox":true,"showFlares":true,"showImageEffects":true,"showParticleSystems":true,"showVisualEffectGraphs":true,"m_FxEnabled":true},"in2DMode":false,"pivot":{"x":1.6856927871704102,"y":4.747318267822266,"z":-2.3035430908203127},"rotation":{"x":-0.13887585699558259,"y":0.05079490318894386,"z":-0.007105630822479725,"w":-0.9890533685684204},"size":12.544398307800293,"orthographic":true}